party_id,position,eu_salience,lrecon,lrecon_salience,galtan,galtan_salience,lrgen,immigrate_policy,immigra_salience,immigrate_dissent,multiculturalism,multicult_salience,multicult_dissent,redistribution,redist_salience,environment,enviro_salience,spendvtax,deregulation,econ_interven,civlib_laworder,sociallifestyle,religious_principles,ethnic_minorities,nationalism,urban_rural,protectionism,regions,anti_islam_rhetoric,people_vs_elite,antielite_salience,corrupt_salience,members_vs_leadership
102,6.0,4.0,2.0,8.0,3.0,4.0,2.0,4.0,4.0,3.5,4.0,5.0,3.0,1.0,8.0,4.0,5.0,2.0,2.5,2.0,3.0,2.0,2.0,3.0,4.0,3.0,6.0,6.0,2.0,3.0,2.0,2.0,8.0
103,6.0,4.0,3.0,8.0,2.5,5.0,3.0,4.0,5.0,4.0,3.5,5.0,4.0,1.0,8.0,4.0,4.5,3.0,2.0,2.5,4.0,2.0,2.0,2.5,3.5,3.0,6.0,6.0,2.0,3.0,2.0,1.0,7.0
104,6.5,4.5,2.5,6.5,1.0,6.5,2.0,2.0,6.0,2.0,2.0,6.0,2.0,1.5,7.0,1.0,9.5,2.0,2.0,3.0,2.0,1.0,1.5,1.5,2.0,2.0,6.0,5.5,2.0,6.0,2.5,2.0,4.0
105,6.5,4.5,3.0,6.5,1.0,6.5,2.0,2.0,5.5,2.0,2.5,6.0,2.0,2.5,7.0,1.0,10.0,2.0,3.0,3.0,2.0,1.0,1.5,2.0,2.5,2.0,6.0,5.5,2.0,6.0,2.5,1.5,4.0
106,6.0,5.0,7.0,8.0,3.5,4.0,7.0,6.0,5.0,5.0,6.0,3.0,5.0,6.0,6.0,6.0,3.0,7.0,7.0,7.0,5.0,2.0,1.0,4.0,4.0,5.0,3.0,5.0,2.5,4.5,2.0,2.0,7.0
107,7.0,5.5,7.5,8.0,2.0,4.5,7.0,6.0,5.0,5.0,5.0,5.0,5.0,6.0,6.0,6.5,3.5,7.0,7.0,7.0,5.5,2.0,1.5,5.0,3.0,4.0,2.5,5.5,2.0,6.0,2.0,1.0,7.0
108,7.0,3.0,4.0,7.0,5.0,7.0,5.0,4.0,4.0,4.0,4.0,5.0,3.0,4.0,6.0,5.0,5.0,5.0,5.0,5.0,5.0,4.0,6.0,4.0,4.0,6.0,5.0,5.0,2.5,4.0,2.0,1.0,7.0
109,7.0,4.0,6.0,7.0,6.5,6.0,5.5,6.0,4.5,5.5,5.0,5.0,5.0,5.0,6.0,5.5,5.0,5.0,5.0,5.0,5.0,4.5,6.5,5.0,6.0,7.0,5.0,4.0,3.0,3.5,2.0,1.5,7.0
110,4.5,4.0,8.0,7.0,6.0,5.0,8.0,9.0,9.0,2.0,8.0,8.0,3.5,7.0,5.0,8.0,4.0,8.0,8.0,8.0,8.0,6.5,5.0,7.0,8.5,6.0,4.0,1.5,6.0,4.5,6.0,2.0,8.5
112,2.0,5.0,4.0,5.0,9.0,7.0,10.0,10.0,10.0,0.0,9.0,10.0,2.0,4.0,4.0,9.0,2.0,5.0,4.0,5.0,9.0,8.0,6.0,9.0,10.0,5.0,8.0,1.0,9.0,9.0,10.0,6.0,10.0
119,2.0,3.5,0.0,9.0,5.0,2.0,0.0,3.0,4.0,1.0,2.5,3.0,3.5,0.0,9.5,5.0,2.0,0.5,0.0,0.5,3.5,3.0,1.0,1.5,2.0,3.0,9.0,9.5,1.0,7.0,8.5,4.0,10.0
201,5.0,4.5,4.0,8.0,5.5,5.0,4.0,7.5,7.0,4.0,7.0,7.0,3.0,3.0,7.5,5.0,6.0,3.0,4.0,4.0,7.0,3.0,2.5,6.0,6.0,5.0,4.0,5.5,6.0,3.0,2.5,2.0,7.5
202,7.0,7.0,6.0,6.0,1.0,8.0,5.0,2.0,8.5,1.0,2.0,7.5,1.5,5.0,5.0,3.5,8.0,5.0,5.5,5.5,2.0,1.0,2.0,2.5,1.5,3.0,3.0,5.0,4.0,3.0,1.0,1.0,7.0
203,6.0,4.0,8.0,7.5,6.5,6.0,7.0,8.0,7.0,2.0,7.0,6.0,2.0,7.0,7.0,5.0,6.0,7.0,7.0,6.5,7.0,4.5,4.0,6.0,6.0,4.5,3.0,5.0,5.5,3.0,1.0,1.0,7.0
206,5.0,4.0,3.0,6.0,3.0,5.0,3.0,4.5,5.0,2.0,4.0,5.5,2.5,2.0,8.0,2.5,8.0,1.5,3.0,3.0,4.0,1.5,2.0,3.0,4.0,3.5,5.0,5.0,3.0,3.0,2.5,1.0,5.0
211,6.0,5.0,7.0,7.0,6.0,5.0,7.0,8.0,7.0,5.0,7.0,7.0,5.0,6.5,6.5,6.0,5.0,7.0,7.0,6.0,7.0,3.0,3.0,6.0,5.0,7.0,3.0,4.0,6.0,4.0,2.0,1.0,7.0
213,2.0,7.0,1.0,8.0,1.0,7.0,1.0,2.5,6.0,1.0,2.0,6.0,2.0,0.5,9.0,2.0,8.0,0.0,0.0,0.5,1.5,0.0,0.5,2.0,2.5,3.0,6.0,5.0,2.5,5.0,4.5,1.0,4.0
215,2.0,7.0,4.0,4.5,8.0,8.0,7.0,9.0,10.0,0.5,9.5,9.0,0.5,4.5,5.5,7.0,2.5,4.0,5.0,5.0,9.0,5.0,5.0,10.0,10.0,7.0,7.0,5.0,8.0,7.0,5.5,1.0,10.0
218,4.0,3.0,9.0,8.0,4.0,3.0,8.0,7.0,4.5,4.5,5.5,5.0,4.5,9.0,8.5,7.0,2.0,10.0,9.0,9.0,5.0,3.0,1.0,5.0,4.5,4.5,1.0,5.0,3.0,5.0,3.5,1.0,8.5
219,5.0,4.0,3.0,4.0,1.0,9.0,3.0,3.0,6.0,2.0,2.0,5.0,2.0,3.0,5.0,0.0,10.0,3.0,3.5,4.0,3.0,0.0,1.0,2.0,2.0,3.0,4.0,4.0,2.0,7.0,5.0,2.0,4.5
220,2.0,4.0,9.0,5.0,9.0,8.5,9.0,10.0,10.0,0.0,10.0,10.0,0.0,9.0,4.0,7.0,2.0,9.0,8.0,9.0,9.0,6.0,6.0,10.0,10.0,6.0,4.0,5.0,9.5,5.0,8.0,1.0,10.0
301,6.0,7.0,6.0,6.5,6.0,6.5,6.0,6.0,7.0,7.0,7.0,7.0,5.0,6.0,6.0,6.0,6.0,6.0,6.0,6.0,7.0,5.0,6.0,6.0,6.0,6.0,4.0,4.0,3.0,2.0,0.0,1.0,9.0
302,7.0,7.0,4.0,8.0,4.0,6.0,4.0,4.0,6.0,4.5,5.0,6.0,4.0,3.0,8.0,5.0,6.0,3.0,4.0,3.0,4.0,3.0,3.0,4.0,4.0,4.0,4.5,5.5,1.5,2.0,0.0,1.0,5.0
303,6.0,6.0,8.0,8.0,4.0,5.0,6.0,6.0,5.0,3.0,5.0,4.5,3.0,9.0,8.0,7.5,5.0,9.0,9.0,9.0,3.0,2.0,1.0,4.0,4.0,2.0,2.0,5.0,1.5,2.0,0.0,1.0,8.0
304,7.0,8.0,3.0,5.0,1.0,9.0,3.0,1.0,9.0,1.0,2.0,7.0,2.0,3.0,6.0,1.0,10.0,3.0,3.0,2.0,2.0,1.0,2.0,1.0,1.0,2.0,4.0,4.0,0.0,6.0,1.0,2.0,5.0
306,5.0,5.0,1.0,8.0,3.0,6.0,1.0,2.0,7.0,5.0,3.0,5.0,3.0,1.0,10.0,4.0,6.0,1.0,0.0,0.0,2.5,2.0,1.0,3.0,3.0,3.0,7.0,5.0,1.0,5.0,5.0,3.0,6.0
308,5.0,7.0,6.0,7.0,8.0,8.0,7.0,8.0,8.0,3.0,8.0,9.0,3.0,6.0,6.0,6.0,6.0,6.0,7.0,5.0,8.0,7.0,7.0,7.0,7.0,7.0,4.0,2.0,4.5,3.0,0.0,1.0,9.0
310,2.0,9.0,7.0,3.0,10.0,10.0,9.0,10.0,10.0,0.0,10.0,10.0,1.0,6.0,3.0,9.0,6.0,7.0,5.5,6.5,10.0,10.0,5.0,10.0,10.0,8.5,7.0,5.0,10.0,9.0,10.0,6.0,7.0
311,6.5,6.5,2.0,3.5,2.0,7.5,2.5,2.0,3.5,3.0,2.0,3.5,5.0,2.0,2.0,4.5,3.0,3.5,1.5,3.0,0.5,1.0,0.5,2.0,1.5,0.0,3.0,0.0,3.0,9.5,8.5,9.0,2.5
401,7.0,8.0,4.0,8.0,3.0,6.0,4.0,5.0,6.0,6.0,4.0,7.0,5.0,4.0,6.0,5.0,6.0,4.0,4.0,3.0,4.0,2.0,5.0,3.0,3.0,5.0,5.0,4.0,2.0,2.0,2.0,6.0,7.0
402,7.0,7.0,6.0,9.0,8.0,7.0,7.0,8.0,9.0,5.0,8.0,7.0,4.0,7.0,7.0,7.0,3.0,7.0,8.0,7.0,7.0,7.0,8.0,8.0,7.0,5.0,4.0,5.0,5.0,1.0,2.0,6.0,8.0
403,5.0,6.0,2.0,9.0,2.0,7.0,2.0,2.0,7.0,3.0,2.0,7.0,2.0,1.0,9.0,3.0,7.0,1.0,1.0,2.0,2.0,1.0,2.0,1.0,2.0,4.0,6.0,3.0,1.0,8.0,7.0,8.0,5.0
404,1.0,7.0,0.0,9.0,7.0,2.0,0.0,3.0,4.0,0.0,4.5,1.0,0.0,0.0,10.0,6.0,2.0,0.0,0.0,0.0,4.0,5.0,0.0,2.0,5.0,5.0,10.0,5.0,0.0,5.0,7.0,5.0,10.0
415,1.0,3.5,2.5,5.5,10.0,9.0,10.0,10.0,10.0,0.0,10.0,9.5,0.0,2.0,2.5,8.0,0.0,4.5,2.0,0.5,10.0,10.0,9.5,10.0,10.0,5.0,10.0,8.5,10.0,7.0,10.0,10.0,8.5
416,1.5,5.0,3.5,3.0,10.0,8.0,9.0,10.0,10.0,0.0,10.0,6.5,0.5,3.0,2.5,8.0,0.0,5.0,2.0,2.5,10.0,10.0,10.0,10.0,10.0,5.0,9.5,7.0,10.0,7.5,8.5,8.5,10.0
417,5.0,9.0,2.0,9.0,0.0,7.0,1.0,0.0,7.0,2.0,0.0,8.0,1.0,1.0,9.0,1.0,7.0,2.0,1.0,2.0,0.0,0.0,0.0,1.0,0.0,2.0,5.0,4.0,0.0,8.0,8.0,7.0,5.0
418,6.0,8.0,4.0,7.0,3.0,7.0,4.0,4.0,7.0,2.0,3.0,7.0,2.0,4.0,6.0,4.0,7.0,4.0,3.0,3.0,2.0,2.0,3.0,2.0,2.0,5.0,5.0,3.5,2.0,3.0,3.0,6.5,7.0
501,7.0,8.0,4.0,8.0,3.0,7.0,4.0,4.0,6.0,2.0,5.0,5.0,2.0,3.0,8.0,3.0,7.0,3.0,4.0,4.0,3.0,2.0,3.0,3.0,3.0,4.0,5.0,4.0,0.0,3.0,1.0,6.0,9.0
502,6.0,6.0,8.0,7.0,8.0,7.0,8.0,7.0,7.0,2.0,8.0,6.0,2.0,7.0,5.0,7.0,3.0,8.0,8.0,7.0,8.0,8.0,8.0,8.0,8.0,6.0,3.0,8.0,1.5,1.0,1.0,2.0,9.0
504,5.0,5.5,2.0,8.0,2.0,6.5,2.0,2.5,5.0,2.0,2.5,5.5,1.0,1.0,9.0,3.0,7.0,0.5,1.0,1.0,1.5,1.5,0.5,1.5,3.5,4.0,7.0,2.0,0.0,7.0,6.0,6.5,7.0
506,6.0,7.0,6.0,7.0,6.0,7.0,7.0,6.0,5.0,1.0,6.0,6.0,1.0,6.0,7.0,5.0,5.0,5.0,5.0,5.0,5.0,4.0,7.0,3.0,7.0,6.0,6.0,0.0,0.0,3.0,1.0,5.0,8.0
511,6.0,7.0,3.5,6.0,2.5,5.0,3.0,3.0,4.0,1.5,3.5,5.0,1.5,3.5,6.5,4.0,4.5,3.0,3.0,3.5,4.0,2.0,2.5,1.0,6.0,4.5,6.0,0.0,0.0,6.5,5.0,4.0,8.0
513,6.0,4.0,3.0,6.0,2.0,5.0,3.0,4.0,3.0,2.0,3.0,5.0,1.0,3.0,6.0,4.0,5.0,2.0,3.0,3.0,4.0,2.0,2.0,1.0,7.0,5.0,6.0,0.0,0.0,8.0,3.0,4.0,7.0
517,6.0,6.0,6.0,7.5,6.5,5.0,6.5,7.0,6.0,2.5,6.5,5.5,1.5,6.0,6.5,5.5,5.0,6.0,5.0,6.0,6.0,4.5,6.0,3.5,6.0,5.5,6.0,1.5,0.0,3.0,2.0,4.5,7.0
524,5.0,5.0,1.0,6.0,1.0,5.0,1.0,2.0,4.0,1.0,3.0,3.5,0.5,1.5,6.0,2.0,6.0,2.0,2.0,2.0,1.0,1.0,0.0,1.0,6.5,5.0,7.0,0.0,0.0,7.0,6.0,5.0,6.0
525,5.0,6.0,2.0,8.0,1.0,7.0,2.0,2.0,6.0,2.0,2.0,5.0,2.0,1.0,9.0,2.0,8.0,1.0,1.0,1.0,1.0,1.0,0.0,1.0,2.0,2.0,7.0,2.0,0.0,9.0,8.0,8.0,7.0
526,7.0,5.0,7.0,7.0,4.5,7.0,7.0,7.0,5.5,2.0,7.0,6.0,3.0,6.5,5.5,6.0,3.0,8.0,8.0,7.5,7.0,4.0,4.0,5.5,7.0,3.0,2.0,8.5,0.0,1.0,1.0,5.5,9.0
527,3.0,6.0,9.0,5.0,10.0,10.0,10.0,10.0,10.0,0.0,10.0,9.0,0.0,9.0,5.0,9.0,2.0,9.0,9.0,8.0,10.0,10.0,10.0,10.0,10.0,6.0,7.0,10.0,8.0,1.0,7.0,5.0,9.0
528,6.0,5.0,2.0,7.0,1.0,8.0,3.0,2.0,6.0,1.0,3.0,5.0,1.0,2.0,8.0,1.0,8.0,1.0,2.0,2.0,1.0,1.0,1.0,1.0,2.0,2.0,7.0,2.0,0.0,8.5,8.0,7.0,8.0
550,5.0,8.0,7.0,5.0,5.5,5.5,7.0,5.0,5.0,2.0,6.5,4.0,2.0,6.0,5.0,6.0,3.0,6.5,6.0,5.5,5.5,4.0,6.0,4.0,8.0,6.0,5.0,0.0,0.0,5.0,5.0,3.0,8.5
601,3.0,5.0,1.0,10.0,2.0,2.0,1.0,3.0,2.0,5.0,3.0,3.0,2.0,0.0,10.0,2.0,3.0,0.0,0.0,0.0,3.0,1.0,0.0,0.0,3.0,2.0,8.0,4.5,1.0,5.0,7.0,3.5,4.0
602,6.0,6.0,3.0,7.0,3.0,6.0,3.0,3.0,3.0,4.5,2.5,5.0,5.0,2.0,7.0,3.0,6.0,3.0,2.0,4.0,2.0,1.0,1.0,2.0,3.0,2.0,5.0,3.5,2.0,4.0,3.0,3.0,5.0
605,6.0,7.0,3.0,6.0,1.0,6.0,3.0,1.0,3.0,2.0,1.0,6.0,2.0,3.0,6.0,0.0,10.0,2.0,1.0,3.0,2.0,1.0,0.0,1.0,2.0,3.0,5.0,2.0,1.0,6.0,3.0,3.5,3.0
609,5.0,6.0,8.0,6.0,7.0,7.0,8.0,8.0,8.0,5.0,8.0,8.0,6.0,7.0,4.0,7.0,3.0,8.0,8.0,7.0,8.0,8.0,5.0,8.0,7.0,6.0,3.0,5.0,7.0,1.0,3.0,3.0,8.0
610,1.0,9.0,6.0,5.0,8.5,8.0,10.0,10.0,10.0,0.0,10.0,10.0,0.0,4.0,6.0,7.0,2.5,5.0,4.5,4.5,9.5,7.5,5.0,10.0,10.0,8.5,9.5,5.0,10.0,9.0,10.0,8.0,9.5
613,7.0,7.0,5.0,6.0,4.0,5.0,5.0,5.0,4.0,4.5,5.0,4.5,4.5,6.0,3.0,5.0,4.0,6.0,7.0,6.0,5.0,4.0,3.0,6.0,3.0,4.5,3.0,5.0,1.0,3.0,3.0,3.5,6.0
626,7.0,9.0,6.0,7.0,2.0,6.0,6.0,7.0,5.0,5.0,5.0,7.0,6.0,6.0,4.0,4.0,5.0,5.0,8.0,6.0,6.0,2.0,3.0,5.0,4.0,2.5,2.0,5.0,3.0,3.0,3.0,2.0,9.0
627,2.5,6.5,1.0,9.0,2.5,5.0,2.0,4.0,3.5,6.0,5.0,3.0,6.0,0.5,9.5,3.5,6.0,0.5,0.0,1.0,2.0,1.0,0.0,2.5,4.0,2.0,8.0,5.0,2.0,6.5,10.0,7.0,7.5
628,1.0,8.5,7.5,4.0,8.5,8.0,9.0,9.0,8.5,0.0,10.0,7.0,2.0,6.5,4.0,7.0,1.0,6.5,5.5,5.0,8.5,8.0,6.0,10.0,9.5,7.0,9.0,6.5,9.5,4.0,8.5,6.0,9.0
701,6.0,6.0,4.5,6.5,6.0,4.0,5.0,5.0,3.5,4.5,5.5,2.5,4.5,4.0,6.0,7.0,4.0,3.5,4.5,4.0,6.0,5.0,5.5,6.0,5.5,7.0,4.5,6.0,0.5,3.0,2.0,2.0,4.5
702,6.0,7.0,6.0,7.0,4.0,5.0,6.0,5.0,4.0,5.0,4.5,2.5,4.0,6.0,5.0,7.0,4.0,6.0,6.0,5.5,6.5,3.5,4.5,6.0,5.0,6.0,3.5,6.0,0.5,3.0,1.5,2.0,6.0
703,6.0,5.5,3.5,7.0,2.5,6.5,3.5,4.5,3.5,1.5,3.0,2.5,2.0,3.0,7.0,4.5,6.0,2.0,3.5,3.0,4.5,2.0,2.0,4.0,3.0,4.5,4.5,4.5,0.5,4.0,3.5,4.0,3.5
705,6.0,6.0,3.0,4.5,2.0,7.5,3.0,3.5,4.5,1.0,2.0,3.0,2.0,2.5,6.5,0.5,10.0,2.0,3.5,3.0,4.0,2.0,2.0,4.0,2.5,2.5,5.5,4.0,0.5,7.0,5.0,5.0,2.0
707,3.0,5.0,1.5,7.5,3.0,4.5,2.5,4.5,4.0,3.5,2.5,2.0,3.5,1.5,8.0,6.0,3.5,2.0,2.5,2.0,6.0,2.5,2.0,3.0,6.0,4.0,6.5,4.0,0.5,6.0,7.5,6.0,7.0
709,2.0,4.0,0.0,9.0,3.0,3.0,0.0,4.0,3.0,1.0,3.0,2.0,2.0,1.0,10.0,5.0,3.0,1.0,1.0,1.0,5.0,2.0,1.0,3.0,1.0,2.0,9.0,2.0,0.0,8.0,9.0,6.0,2.0
710,5.0,4.0,2.0,7.0,3.0,5.0,3.0,3.0,4.0,1.0,3.0,3.0,2.0,3.0,7.0,3.0,6.0,1.0,2.0,2.0,4.0,2.0,2.0,3.0,3.0,4.0,6.0,3.0,0.0,6.0,7.0,4.0,3.0
711,4.0,3.5,4.0,6.5,3.5,2.0,4.0,5.0,4.0,4.5,4.5,3.5,4.0,4.0,5.5,5.0,4.0,3.0,3.5,3.5,5.0,3.0,3.0,4.0,4.0,4.0,6.0,4.0,1.0,6.0,7.0,6.0,1.0
712,3.0,3.5,7.0,3.0,8.0,8.0,7.0,9.0,6.0,1.0,9.0,6.0,1.0,8.0,4.0,7.0,2.0,8.0,7.0,8.0,7.0,7.0,6.0,7.5,6.0,4.5,7.0,6.0,1.0,3.0,8.0,6.0,4.5
811,2.0,9.0,7.5,7.0,10.0,8.0,8.5,10.0,10.0,0.0,10.0,10.0,0.0,7.0,6.0,8.0,2.0,9.0,7.0,6.0,10.0,8.5,9.0,10.0,10.0,7.5,9.0,2.0,10.0,7.0,9.5,3.0,10.0
813,7.0,8.0,5.0,7.0,0.0,10.0,4.0,1.5,6.5,1.0,0.5,7.5,0.5,4.5,5.5,4.5,5.5,5.5,7.0,6.5,0.0,0.0,0.0,0.0,0.0,2.5,1.0,4.0,0.0,5.0,3.5,5.5,4.5
815,5.0,6.0,8.0,8.0,6.0,5.0,7.0,7.0,6.0,4.0,7.0,6.0,3.0,7.0,6.0,8.0,2.0,8.0,8.0,7.0,7.0,7.0,7.0,7.0,7.0,3.0,3.5,5.0,6.0,5.0,4.0,2.0,10.0
827,6.0,7.0,5.0,5.0,8.0,8.0,5.0,7.0,5.0,2.0,8.0,8.0,1.0,5.0,5.0,5.0,3.0,5.0,7.0,5.0,7.0,8.0,7.0,6.0,4.0,7.0,3.0,0.0,4.5,2.0,5.0,2.0,7.0
837,7.0,8.0,3.5,8.0,2.0,7.0,3.0,3.0,7.0,3.0,3.0,8.0,3.0,2.5,7.0,4.0,7.0,4.0,4.5,4.0,3.0,2.0,3.0,1.0,1.0,2.5,4.0,4.5,0.5,2.0,1.5,5.5,5.0
838,5.0,6.0,1.0,8.0,1.0,8.0,1.0,0.0,8.0,0.0,0.0,9.0,0.0,1.0,9.0,2.0,9.0,1.0,1.0,1.0,1.0,0.5,2.0,1.0,1.0,2.0,7.0,5.0,1.0,2.5,4.0,7.0,4.5
843,2.0,8.0,7.0,8.0,10.0,8.0,9.0,10.0,10.0,0.0,10.0,10.0,0.0,6.0,5.0,7.0,2.0,7.0,5.0,5.0,10.0,10.0,9.0,10.0,10.0,5.0,9.5,8.0,10.0,6.0,8.0,6.0,9.0
845,3.0,7.0,3.0,7.0,4.0,6.0,5.0,7.0,6.0,6.0,5.0,5.0,6.0,1.0,9.0,2.0,8.0,3.0,3.0,3.0,5.0,3.5,3.0,4.0,4.0,4.0,6.0,5.0,4.0,10.0,10.0,10.0,3.0
1001,5.0,5.0,6.0,6.0,7.0,7.0,7.0,7.0,5.5,6.0,7.0,6.0,5.0,6.0,6.0,6.0,5.0,6.0,7.0,6.0,7.0,6.0,7.0,5.0,7.0,8.0,4.0,2.0,5.0,2.0,1.0,1.0,6.0
1002,6.0,6.0,3.0,7.0,3.0,4.0,4.0,4.0,5.0,4.0,4.0,6.0,3.0,3.0,8.0,4.0,6.0,3.0,3.0,3.0,4.0,3.0,3.0,4.0,4.0,4.0,4.0,5.0,4.0,3.0,2.0,1.0,5.0
1003,5.0,5.0,8.0,8.0,5.0,6.0,8.0,8.0,7.0,3.0,8.0,7.0,3.0,8.0,8.0,8.0,5.0,8.0,8.0,8.0,8.0,3.0,2.0,6.0,7.0,4.5,2.0,5.0,5.0,2.0,2.0,0.5,6.0
1004,7.0,8.0,6.0,6.0,1.0,7.0,5.0,3.0,6.5,2.0,2.0,6.0,2.0,6.0,6.0,3.0,7.0,6.0,7.0,6.0,2.0,1.0,1.0,3.0,1.0,2.0,1.0,4.5,3.0,5.0,2.0,1.0,4.0
1005,7.0,7.0,2.0,6.0,1.0,7.0,2.0,2.0,6.5,2.0,1.0,7.0,1.0,2.0,7.0,1.0,9.0,2.0,2.0,2.0,2.0,1.0,1.0,2.0,2.0,2.0,4.0,5.5,3.0,5.0,3.0,2.0,4.0
1006,3.0,5.0,8.0,4.0,10.0,9.0,8.0,8.0,6.0,2.0,9.0,5.0,1.0,7.0,5.0,7.0,3.0,8.0,6.0,6.0,8.0,10.0,10.0,8.0,9.0,8.0,7.0,3.0,5.0,1.0,0.0,2.0,7.0
1009,3.5,5.0,4.0,4.0,8.0,7.5,5.0,3.5,6.0,3.0,6.0,7.0,3.5,4.0,6.0,3.5,6.0,4.0,4.0,4.0,5.0,6.5,8.5,4.5,6.0,7.0,5.0,3.5,5.0,1.5,1.0,1.5,5.0
1014,3.0,6.0,1.0,9.0,5.0,4.0,1.0,6.0,5.5,4.0,6.0,6.0,4.0,1.0,9.0,5.0,4.0,0.0,1.0,1.0,5.0,3.0,2.0,5.0,6.0,4.0,8.0,7.5,3.5,7.0,7.0,2.0,7.0
1017,1.0,8.0,5.0,4.0,7.0,7.0,9.0,10.0,10.0,0.0,10.0,10.0,0.0,5.0,5.0,10.0,3.0,6.0,5.0,6.0,9.0,4.0,4.5,10.0,10.0,5.5,8.0,7.5,10.0,10.0,10.0,3.5,10.0
1018,3.0,5.0,2.0,3.0,2.5,3.0,2.5,3.0,4.5,2.5,3.5,3.5,3.5,3.0,4.5,0.5,9.5,3.0,1.5,2.5,3.0,2.5,2.5,4.0,4.0,2.5,7.0,7.0,5.0,6.5,7.0,4.5,6.5
1020,4.0,4.0,4.0,8.0,5.5,3.5,5.0,5.5,4.5,3.0,6.5,4.5,3.0,5.0,8.0,5.0,3.5,3.5,5.0,4.5,6.0,5.0,4.0,5.5,6.5,4.0,5.5,7.0,5.5,5.5,5.0,2.5,7.5
1050,5.0,3.0,3.0,5.0,8.0,8.0,4.5,2.0,9.0,1.5,0.0,9.5,1.0,3.0,6.5,4.0,3.5,3.0,3.5,3.0,3.0,6.0,7.5,2.0,4.0,3.5,5.5,7.0,3.5,6.0,6.5,2.5,8.0
1051,1.0,8.0,9.0,5.0,8.0,9.0,10.0,10.0,10.0,1.0,10.0,10.0,0.0,8.0,5.0,10.0,7.0,10.0,10.0,9.0,9.0,7.0,3.5,10.0,10.0,5.5,7.0,6.0,10.0,9.0,10.0,3.5,9.0
1101,2.0,10.0,7.0,6.0,7.0,6.0,7.0,7.5,8.5,3.0,6.5,6.5,3.0,6.0,6.0,6.0,4.0,6.0,7.5,6.0,7.0,4.0,6.0,6.0,7.5,6.5,3.0,6.5,6.0,5.0,7.0,0.5,8.0
1102,4.0,6.5,2.0,8.0,2.0,5.5,2.0,3.5,5.0,5.0,3.0,3.5,4.0,2.0,8.5,3.5,6.0,2.0,1.0,1.0,3.0,1.5,3.0,2.0,3.0,3.0,6.0,4.0,2.5,5.0,5.0,1.0,5.0
1104,7.0,10.0,4.5,5.0,2.0,6.0,4.0,2.0,5.0,2.0,2.5,6.0,2.0,4.0,6.0,3.0,6.0,4.0,4.0,4.0,2.0,1.0,3.0,2.5,2.0,3.0,3.0,3.0,1.5,5.0,3.0,2.0,4.0
1105,7.0,9.0,3.0,6.0,3.0,5.0,3.0,2.0,5.0,2.0,3.0,4.5,2.0,3.0,6.0,3.0,6.0,3.0,3.0,4.0,4.0,1.0,3.0,3.0,3.0,3.5,4.5,1.0,2.0,7.0,6.0,0.0,6.0
1106,6.0,10.0,3.0,5.0,3.0,4.0,3.0,2.0,5.0,3.0,3.0,5.0,2.5,3.0,6.0,3.0,6.0,2.0,2.0,3.0,3.0,2.0,3.0,3.0,4.0,3.0,6.0,1.0,2.0,5.0,5.0,1.0,5.5
1107,7.0,9.0,2.5,5.0,1.0,7.5,2.0,1.5,5.0,2.0,2.0,6.0,1.0,2.0,7.0,0.5,9.5,1.5,2.0,2.0,1.0,0.5,2.5,2.0,1.0,3.0,6.0,2.0,1.0,7.0,4.5,1.0,3.0
1108,1.0,10.0,7.5,2.5,8.0,7.0,8.5,10.0,9.5,0.5,9.5,9.5,0.5,6.0,2.5,9.0,1.0,6.5,7.5,7.0,9.5,7.0,7.0,8.0,10.0,7.0,3.0,7.0,7.0,10.0,10.0,0.0,9.5
1110,2.0,7.0,5.5,6.0,9.0,8.0,8.0,9.0,7.0,2.0,8.0,6.0,3.0,5.0,4.0,7.0,3.0,7.0,6.0,7.0,8.0,10.0,10.0,8.0,9.0,6.0,5.0,6.0,7.0,5.5,6.0,1.0,8.0
1201,2.0,5.0,1.0,8.0,3.0,6.0,1.0,3.0,6.0,2.0,2.0,7.0,2.0,1.0,8.0,2.0,7.0,0.0,2.0,0.0,3.0,3.0,0.0,1.0,6.5,7.5,10.0,2.0,2.0,8.0,7.0,7.0,9.0
1202,6.0,6.0,9.0,7.0,10.0,7.0,9.0,8.0,7.0,3.0,7.0,6.0,4.0,6.0,6.0,5.0,5.0,8.0,8.0,9.0,8.0,8.0,8.0,7.5,7.5,7.0,2.0,5.0,5.0,2.5,7.0,7.0,7.0
1205,7.0,8.0,4.0,8.5,4.0,5.0,4.0,4.0,6.0,3.0,4.0,7.0,3.5,4.0,7.5,3.5,5.5,4.0,5.0,5.0,4.0,3.0,3.5,2.0,3.0,5.0,4.0,5.0,2.0,3.0,2.5,6.5,7.0
1206,7.0,7.0,7.0,8.0,8.0,5.0,6.5,6.5,6.0,3.0,6.0,6.0,3.0,6.0,7.0,4.5,6.0,7.0,6.5,7.0,6.5,6.0,6.0,5.0,5.0,5.0,3.5,4.0,1.5,2.5,3.0,6.5,7.0
1208,5.0,6.0,1.0,8.0,1.0,8.0,1.0,2.0,6.0,2.5,2.0,7.0,2.0,2.0,9.0,1.0,8.0,0.0,2.0,1.0,0.0,1.0,1.0,0.5,2.0,3.5,7.0,4.0,2.0,7.0,6.0,10.0,5.0
1210,2.0,6.0,1.0,8.0,3.0,6.0,1.0,2.5,6.0,1.5,2.0,7.0,2.5,1.0,8.0,2.0,7.0,0.0,1.0,0.0,2.0,3.0,0.0,1.0,6.5,7.5,10.0,2.0,2.0,8.0,7.0,7.0,9.0
1211,2.0,5.0,1.0,8.0,2.0,8.0,1.0,3.0,6.0,2.0,2.0,7.0,2.0,1.0,7.0,1.0,8.0,1.0,2.0,0.0,3.0,3.0,0.0,1.0,6.5,7.5,9.0,3.0,1.0,8.0,7.0,7.0,8.0
1250,2.5,3.0,2.0,3.5,1.5,8.5,1.5,4.0,1.5,,3.0,2.5,,2.0,4.0,1.0,8.5,2.5,3.5,2.0,1.5,2.5,0.5,3.0,5.5,7.0,7.0,4.0,1.0,8.0,8.5,8.0,8.5
1301,6.0,6.0,3.0,7.0,4.0,3.0,4.0,5.0,5.0,7.0,4.0,5.0,6.0,3.0,8.0,5.0,5.0,2.0,2.0,2.0,5.0,3.0,3.0,4.0,4.0,3.0,5.0,5.0,2.0,3.0,2.0,4.0,8.0
1302,5.0,5.0,7.0,7.0,7.0,7.0,7.0,9.0,9.0,4.0,8.0,9.0,2.0,6.0,6.0,7.0,3.0,8.0,8.0,7.0,8.0,6.0,7.0,7.0,7.0,8.0,4.0,4.0,8.0,4.0,3.0,3.0,9.0
1303,2.0,6.0,6.0,4.0,9.0,8.0,9.0,10.0,10.0,0.0,10.0,10.0,0.0,5.0,6.0,8.0,2.0,7.0,6.0,6.0,9.0,8.0,5.0,9.0,10.0,5.0,7.0,5.0,10.0,8.0,8.0,5.0,9.0
1304,6.0,7.0,3.0,5.0,2.0,7.0,2.0,3.0,6.0,2.0,2.0,7.0,2.0,3.0,6.0,1.0,10.0,2.0,2.0,3.0,2.0,1.0,1.0,1.0,1.0,2.0,5.0,5.5,1.0,6.0,3.0,8.0,5.0
1306,7.0,7.0,8.0,8.0,2.0,7.0,6.0,4.0,5.0,2.0,3.0,5.0,2.5,7.0,7.0,5.0,6.0,8.0,9.0,8.0,2.0,1.0,2.0,3.0,0.0,1.0,2.0,8.0,1.0,5.5,3.0,8.0,6.0
1401,6.0,7.0,3.0,8.5,3.0,6.5,3.0,4.0,5.0,4.5,4.0,5.5,4.5,2.0,9.0,4.0,7.0,2.0,3.0,2.5,4.0,2.0,3.0,3.0,3.0,3.0,4.0,6.0,0.0,2.5,1.0,2.0,6.0
1402,6.5,7.0,8.0,9.0,5.0,5.0,7.5,3.5,5.5,5.0,6.0,5.5,6.0,6.5,7.0,6.0,6.0,7.5,8.0,7.0,6.0,4.0,5.0,5.0,3.0,2.5,2.0,5.0,0.5,2.0,1.0,1.0,7.0
1403,5.0,5.0,6.0,7.5,7.0,5.0,6.0,5.5,5.0,6.0,6.0,5.0,6.0,5.0,7.0,7.0,6.0,6.0,6.0,5.0,6.0,6.0,6.0,6.0,6.0,9.0,5.0,2.0,1.0,2.5,1.5,1.0,6.0
1404,5.0,5.0,1.5,7.0,1.5,8.0,1.0,2.0,6.5,4.0,3.0,7.0,3.5,0.5,9.5,2.0,8.0,1.0,1.0,1.0,3.0,1.0,1.0,2.0,2.0,2.5,6.0,5.0,0.0,5.0,2.5,3.0,4.0
1405,2.0,7.5,6.5,4.0,9.0,9.0,8.0,10.0,10.0,1.0,10.0,10.0,1.0,5.0,5.0,9.0,5.5,6.5,5.5,6.0,9.5,8.5,6.0,10.0,9.5,6.0,8.0,5.0,8.0,8.0,9.0,7.0,6.0
1406,7.0,7.0,6.0,6.0,3.0,8.0,6.0,2.0,7.0,2.0,3.0,7.0,2.0,5.0,5.0,4.0,6.0,6.0,6.0,6.0,3.0,2.0,2.5,1.0,2.0,5.0,3.0,4.0,1.0,3.0,1.0,1.0,6.0
1408,7.0,8.0,4.0,6.0,1.0,8.5,4.0,1.0,8.0,1.0,2.0,8.0,1.5,3.0,6.0,1.0,10.0,3.5,3.5,4.0,2.0,0.5,2.0,2.0,1.0,1.5,4.0,5.0,0.5,6.0,1.0,2.0,4.0
1409,4.0,5.0,5.5,6.5,9.0,8.5,7.0,6.0,6.0,3.0,6.5,6.0,3.0,5.0,6.5,6.0,5.0,5.0,6.0,5.5,5.0,8.5,10.0,6.0,6.5,5.0,5.0,4.5,4.0,4.0,2.0,6.0,5.5
1601,3.0,3.0,2.0,8.5,1.5,7.0,2.0,1.5,8.0,1.0,1.0,6.5,2.0,0.0,10.0,1.5,7.0,0.5,1.0,1.0,2.0,0.0,1.0,0.5,2.0,5.0,6.0,5.0,0.0,4.0,5.5,1.0,4.0
1602,6.0,4.0,4.0,7.0,5.0,5.0,4.0,6.0,6.0,7.0,5.0,7.0,7.0,3.0,7.5,5.0,6.0,3.0,4.0,4.0,6.0,2.0,1.0,5.0,5.0,5.0,5.0,5.0,1.0,2.5,2.0,1.0,7.0
1603,6.0,4.0,8.0,7.0,2.0,7.0,7.0,2.0,7.0,2.0,3.0,7.0,3.0,7.0,5.0,4.0,7.0,8.0,8.5,7.0,4.0,0.0,1.5,2.0,2.0,7.0,2.0,3.0,1.0,4.0,2.0,0.0,6.0
1604,7.0,8.0,7.0,7.0,3.0,6.0,7.0,4.0,6.0,4.0,4.0,7.0,3.0,6.0,5.0,5.0,5.0,7.5,8.0,7.0,6.0,1.0,1.0,4.0,3.0,4.0,2.0,5.0,1.0,3.0,2.0,0.0,6.5
1605,6.0,5.0,8.0,8.0,6.0,6.5,8.0,8.0,8.0,4.0,7.0,8.0,4.0,8.0,5.5,7.0,4.0,8.0,9.0,8.0,8.0,2.0,2.5,5.0,5.0,4.0,2.0,5.0,3.0,2.5,3.0,0.0,7.5
1606,6.0,3.5,7.0,6.0,7.0,8.0,8.0,8.0,8.0,4.5,7.0,7.5,4.0,6.0,5.0,6.5,4.0,6.5,8.0,7.0,8.0,6.0,6.0,5.5,6.0,5.0,4.0,5.0,4.0,3.0,3.0,0.0,7.0
1607,5.0,4.0,4.0,4.0,2.0,8.0,4.0,1.5,8.0,1.0,1.0,7.0,2.0,3.5,6.0,0.0,10.0,3.0,4.0,4.0,2.0,0.0,1.0,1.0,1.0,5.0,5.0,3.5,0.5,5.5,2.5,0.0,3.5
1610,2.0,5.0,6.0,3.0,9.0,10.0,9.0,10.0,10.0,0.0,10.0,10.0,0.0,5.0,4.0,7.0,2.5,5.0,5.0,5.0,10.0,7.5,3.0,10.0,10.0,7.0,6.0,5.0,9.0,6.0,9.0,2.0,9.0
2003,5.0,6.0,3.0,7.0,7.0,6.0,3.0,7.0,6.0,2.0,7.5,5.0,3.0,3.0,7.0,7.0,3.0,3.0,2.0,2.0,6.0,7.0,4.0,5.0,7.0,6.0,7.0,5.0,2.0,5.0,4.0,7.0,7.0
2004,6.0,7.5,5.0,7.0,7.0,6.0,5.0,6.0,4.0,1.0,4.0,4.5,1.0,4.0,5.0,7.0,3.0,5.0,4.0,4.0,4.0,5.0,4.5,0.0,5.0,7.0,6.0,4.0,4.0,3.0,4.0,3.0,10.0
2005,4.0,5.0,4.0,5.0,9.0,9.0,7.0,10.0,10.0,0.0,10.0,8.0,0.0,4.0,5.0,7.5,2.0,4.0,3.0,2.0,10.0,10.0,7.0,10.0,10.0,5.0,9.0,7.0,9.0,8.0,8.0,4.5,9.0
2007,2.0,3.0,2.0,5.0,10.0,9.0,9.0,10.0,9.0,1.0,10.0,8.0,1.0,2.0,7.0,8.0,2.0,3.5,2.0,2.0,10.0,10.0,8.0,10.0,10.0,5.0,9.0,7.0,9.0,8.0,9.0,7.0,10.0
2008,7.0,10.0,8.0,7.0,4.0,7.0,7.0,5.0,5.0,1.5,4.0,5.0,1.0,7.0,6.0,5.0,5.0,8.0,8.0,8.0,3.0,3.0,4.5,4.0,3.0,2.0,2.0,2.5,2.0,2.0,4.0,9.0,5.0
2010,7.0,8.5,6.0,8.0,6.0,5.0,6.0,7.0,5.0,2.0,6.0,5.0,2.0,6.0,4.5,6.0,3.0,5.0,6.0,6.0,6.0,5.0,6.0,5.0,6.0,4.0,4.0,6.0,2.0,3.0,2.0,6.0,9.0
2014,3.5,4.0,5.0,5.0,9.0,8.0,7.0,10.0,9.0,1.0,9.0,8.0,1.0,7.0,6.0,8.5,2.0,4.0,3.0,3.0,9.0,10.0,7.0,10.0,9.0,5.0,8.0,6.0,9.0,7.0,8.0,6.0,9.0
2017,3.0,4.0,5.5,6.0,9.0,3.0,5.0,8.0,5.0,1.0,7.0,4.0,1.0,6.0,4.0,8.0,3.0,6.0,5.0,5.0,7.0,8.0,5.0,7.0,8.0,4.0,8.0,5.5,5.0,7.0,8.0,5.0,9.0
2018,7.0,10.0,7.0,7.0,2.0,7.0,6.0,5.0,4.0,2.0,3.0,5.0,3.0,6.0,5.0,3.0,8.0,5.0,6.0,6.0,2.0,1.0,1.0,2.0,2.0,2.0,2.0,1.5,1.0,2.0,5.0,10.0,3.0
2019,3.5,3.5,3.0,5.0,4.0,5.0,5.0,5.0,5.0,4.0,5.0,5.0,4.0,2.0,4.0,4.0,3.0,6.0,6.0,5.0,4.0,6.0,4.0,4.0,5.0,4.0,6.0,5.0,4.0,9.0,9.0,7.0,9.0
2101,6.0,5.5,2.5,8.0,5.0,5.0,3.0,7.5,6.0,4.0,7.0,4.5,4.0,2.0,8.0,6.0,4.0,2.0,2.0,2.0,6.0,4.0,2.0,4.5,5.0,5.0,6.0,5.0,5.5,4.0,3.0,5.0,6.0
2102,3.0,6.0,8.0,8.5,7.0,6.0,8.0,8.5,7.0,2.0,8.5,5.5,2.0,8.0,7.5,8.5,3.0,8.0,8.0,8.0,5.5,7.0,5.0,6.0,8.0,3.0,3.0,6.0,6.0,1.5,3.0,6.0,7.0
2103,2.0,6.0,1.0,7.0,9.0,7.0,1.0,9.0,7.0,1.0,9.0,6.0,1.0,1.0,9.0,8.0,2.0,1.0,0.0,1.0,9.0,8.0,1.0,8.0,9.0,6.5,9.0,8.0,7.0,5.0,7.0,4.5,8.0
2104,6.0,6.0,5.0,6.0,8.0,8.0,6.0,7.0,6.0,3.0,8.0,5.0,2.0,4.0,6.0,6.0,3.5,4.5,5.0,5.0,6.0,8.0,9.0,5.5,6.0,8.0,6.0,4.5,5.0,3.0,3.0,6.0,7.0
2109,7.0,7.5,7.0,7.5,5.5,6.0,7.0,5.0,5.0,2.0,5.0,5.0,3.0,7.5,7.0,5.0,5.0,7.0,8.0,8.0,3.0,4.0,6.0,4.0,4.0,2.0,3.0,5.0,2.5,3.0,2.5,7.0,7.0
2111,5.0,5.0,4.0,8.0,5.5,5.0,5.0,8.0,7.0,1.0,8.0,5.0,2.0,3.0,7.0,7.5,2.0,4.0,5.0,4.0,7.0,5.0,3.0,6.0,6.0,5.0,5.5,7.0,6.0,3.0,6.5,7.0,10.0
2114,6.0,6.0,4.0,5.5,1.0,8.0,4.0,3.0,4.0,2.5,3.5,4.0,2.0,4.5,4.5,2.0,7.0,3.0,4.0,4.0,1.5,1.0,2.0,3.0,2.0,2.0,3.0,3.0,1.5,7.5,6.0,8.0,2.0
2115,1.0,8.0,4.0,4.0,10.0,9.0,10.0,10.0,10.0,0.0,10.0,10.0,0.0,4.0,6.0,9.0,2.0,4.0,4.0,4.0,10.0,10.0,4.0,10.0,10.0,6.0,9.0,7.0,10.0,10.0,9.0,9.0,10.0
2116,7.0,7.0,7.0,6.0,4.0,6.0,6.0,5.0,4.0,2.0,5.0,4.0,2.0,6.0,5.0,4.5,5.0,6.0,6.0,6.0,3.0,3.0,4.0,4.0,4.0,7.0,4.0,2.0,2.0,3.5,3.0,7.0,5.0
2201,5.0,6.0,7.5,6.0,8.0,7.0,8.0,7.5,7.0,3.0,8.0,7.0,2.0,6.5,5.0,6.0,3.5,6.0,7.0,7.0,7.0,8.0,6.5,8.0,8.5,5.5,6.0,5.0,4.0,5.0,3.0,4.5,7.0
2202,6.0,5.0,4.0,6.5,5.0,5.0,5.0,5.0,4.0,5.0,4.0,6.0,5.0,3.0,7.0,4.5,5.0,3.0,4.0,3.0,4.5,5.0,5.0,3.0,5.0,6.0,5.0,5.0,0.5,5.0,2.0,4.0,7.5
2203,7.0,8.0,7.0,8.0,3.0,7.0,6.0,3.0,5.0,3.0,4.0,4.0,3.0,7.0,6.0,6.0,4.0,7.0,8.0,8.0,3.0,3.0,3.0,5.0,3.0,3.0,2.0,5.0,0.0,3.0,1.0,4.0,7.0
2204,7.0,8.0,4.0,6.0,1.0,8.0,3.0,2.0,5.0,2.0,2.5,6.0,2.0,2.0,8.0,4.0,6.0,3.0,3.0,3.0,3.0,1.0,3.0,3.0,2.0,4.0,4.0,5.0,0.0,5.0,1.0,5.0,5.0
2209,2.0,7.0,5.5,4.5,9.5,10.0,9.0,10.0,9.5,1.0,9.0,8.5,1.0,5.0,5.0,6.5,3.0,5.5,5.0,5.0,9.0,10.0,6.5,8.5,10.0,7.0,9.0,5.0,7.0,9.5,9.0,6.5,9.0
2210,7.0,7.0,5.0,7.0,2.0,7.0,5.0,2.0,7.0,3.0,2.0,6.0,3.0,4.0,6.0,4.0,5.0,5.0,5.0,5.0,3.0,2.0,1.0,3.0,2.0,3.0,3.0,5.0,0.0,5.0,3.0,6.0,5.5
2301,6.0,9.0,3.0,7.0,4.0,5.5,3.0,5.0,5.0,4.0,5.0,5.0,3.0,3.0,7.0,5.0,5.0,2.0,5.0,3.0,5.0,3.0,2.0,3.0,5.0,4.0,5.0,4.0,4.0,5.0,4.0,8.0,6.0
2302,3.0,9.0,3.5,10.0,9.0,10.0,9.0,10.0,10.0,0.0,10.0,10.0,0.0,5.5,7.5,8.0,3.0,7.5,2.5,1.0,10.0,10.0,10.0,8.5,10.0,9.0,8.0,9.0,10.0,3.5,9.0,1.0,10.0
2308,3.0,5.0,5.0,6.5,8.5,9.0,8.5,10.0,7.0,2.0,9.0,8.0,2.0,4.5,7.0,6.0,4.0,5.0,4.0,3.0,9.0,9.0,7.5,7.5,10.0,7.5,7.5,7.5,8.0,5.5,7.0,10.0,7.0
2309,5.0,8.0,4.0,6.0,4.0,5.5,4.0,5.0,3.0,5.0,5.0,5.0,5.0,3.0,7.0,2.0,9.0,3.0,4.0,3.5,3.0,3.0,2.5,2.0,4.0,5.0,5.0,3.0,3.0,6.0,4.0,9.0,3.0
2310,6.0,9.0,4.0,8.0,1.0,8.0,2.0,3.0,7.0,3.0,2.0,6.0,3.0,3.0,6.0,4.0,7.0,3.0,4.0,6.0,3.0,1.0,2.0,2.0,3.0,3.0,4.0,4.0,1.0,6.0,7.0,9.0,8.0
2311,7.0,10.0,3.0,8.0,2.0,7.0,3.0,4.0,5.0,2.0,4.0,5.5,2.0,3.0,7.0,5.0,5.0,2.0,5.0,5.0,3.0,2.0,1.0,3.0,2.0,3.0,4.0,4.0,2.0,4.5,4.0,9.0,8.0
2314,7.0,10.0,5.5,8.0,2.0,8.0,3.0,3.0,6.0,2.5,3.0,6.0,2.0,5.0,6.0,3.0,7.5,3.0,6.5,6.0,2.0,1.0,2.0,1.0,2.0,2.0,3.0,3.0,2.0,4.5,3.5,10.0,3.0
2402,3.5,2.5,2.0,4.5,9.0,5.0,1.0,4.0,4.0,2.5,5.0,4.5,1.0,1.5,7.0,5.5,4.5,4.5,3.0,2.0,5.0,6.0,5.5,0.5,0.5,5.0,3.0,1.5,3.5,2.5,4.0,7.5,6.5
2405,5.0,5.0,5.0,6.5,7.0,6.0,6.0,7.5,5.0,3.0,7.5,5.5,3.0,6.5,4.0,5.5,3.0,5.0,4.0,6.0,6.5,7.0,5.0,6.5,8.0,9.5,8.0,1.5,4.0,2.5,5.0,2.5,7.5
2406,5.0,5.5,6.5,5.0,8.0,7.0,8.5,10.0,10.0,2.0,10.0,8.5,1.0,6.5,3.5,5.5,2.5,5.0,4.5,6.0,7.5,9.0,5.0,10.0,10.0,5.0,7.0,6.0,5.5,3.5,2.5,4.0,8.0
2410,6.0,5.0,3.0,6.0,6.0,4.0,3.0,5.0,4.0,3.0,4.0,5.0,2.5,3.0,7.0,6.0,2.0,4.0,3.0,2.0,6.0,7.0,5.0,1.0,3.0,4.0,4.5,4.0,0.0,3.0,6.0,2.0,9.0
2412,7.0,8.0,6.0,8.0,5.0,6.0,7.0,4.0,5.0,3.0,6.0,5.0,3.0,7.0,5.0,6.5,4.0,6.0,7.0,7.0,4.0,3.0,4.0,5.0,5.0,5.0,3.0,6.0,0.0,1.0,2.0,5.0,6.0
2414,5.0,6.5,7.0,6.0,6.0,5.0,6.5,7.5,5.0,3.5,6.5,3.5,3.0,5.5,4.0,6.0,4.0,5.0,6.0,6.0,4.5,5.0,5.0,6.0,6.5,8.0,7.0,2.5,2.5,4.0,6.0,6.0,6.0
2415,5.0,4.0,3.0,6.0,5.0,4.0,5.0,7.0,6.0,3.5,6.0,4.5,3.5,5.0,4.0,6.0,3.0,7.0,5.0,5.0,6.0,6.0,5.0,7.0,6.0,4.0,7.0,5.0,0.0,3.0,9.0,8.0,5.0
2416,5.5,4.5,6.5,5.0,7.0,6.0,7.5,8.0,5.0,3.0,7.0,5.0,3.0,5.5,3.5,7.0,1.0,5.0,6.0,5.5,7.5,6.5,6.0,7.0,7.0,5.0,6.0,6.0,2.0,4.5,7.5,9.5,8.5
2417,7.0,8.0,6.0,6.5,2.0,7.0,5.5,3.5,5.0,3.0,2.5,5.5,3.0,4.5,6.0,5.0,4.5,4.5,5.5,5.5,2.0,1.0,3.0,4.0,1.0,3.0,3.0,6.5,0.0,2.5,3.5,7.0,7.0
2501,7.0,7.5,2.5,8.0,3.0,6.0,2.0,4.0,4.5,3.0,5.0,4.5,4.0,2.5,8.5,4.5,5.0,2.5,3.0,2.0,3.0,2.5,2.5,4.0,3.0,4.5,5.0,5.0,1.0,3.5,2.5,6.5,6.5
2506,7.0,8.0,7.0,7.0,6.0,6.0,7.0,5.0,5.0,6.0,6.0,6.0,5.5,5.0,6.0,6.0,3.5,5.0,6.0,6.0,5.0,5.0,7.0,6.0,7.0,4.0,4.0,5.0,1.0,4.0,3.0,7.0,6.0
2507,6.0,5.0,3.5,8.0,8.0,7.0,6.0,6.5,5.0,5.0,7.0,5.0,3.5,5.5,6.5,5.0,3.0,5.0,3.5,3.0,7.0,8.0,7.0,6.0,8.0,9.0,7.0,3.5,1.0,6.5,6.5,5.5,9.0
2511,5.0,5.0,3.0,6.0,10.0,9.0,7.0,8.0,6.0,2.0,8.0,5.0,3.0,3.0,6.0,6.0,2.0,4.0,3.0,3.0,8.0,9.0,9.0,1.0,8.0,8.0,7.0,3.0,1.0,6.0,6.0,4.0,9.0
2515,3.0,5.0,4.0,5.0,9.0,8.0,5.0,8.0,7.0,3.5,8.0,6.0,4.0,3.0,7.0,7.0,2.0,4.0,5.0,3.0,8.0,9.0,8.0,8.0,8.0,7.0,8.0,7.0,5.0,7.0,7.0,7.0,8.0
2516,5.0,5.0,5.0,7.0,6.0,4.0,5.0,7.0,5.0,4.0,6.0,5.0,4.0,5.0,5.0,6.0,1.0,5.0,5.0,5.0,5.5,7.5,5.0,5.0,5.0,6.0,5.0,5.0,0.0,5.0,5.0,4.0,9.0
2518,7.0,7.0,8.0,8.0,2.0,7.0,7.0,3.0,5.0,2.5,4.5,4.0,2.0,7.0,7.0,6.0,3.0,8.0,8.0,8.0,2.0,1.0,2.0,3.0,3.0,1.0,2.0,5.0,1.0,3.0,2.0,5.0,6.0
2521,3.0,7.5,3.5,5.5,8.5,8.0,5.5,9.0,7.5,2.0,9.5,7.0,1.5,3.5,5.5,6.0,1.0,4.5,4.0,3.0,8.0,9.0,7.5,7.0,9.0,6.5,8.5,5.0,5.0,7.5,9.0,7.5,9.0
2522,6.5,5.5,4.5,4.0,3.5,4.5,3.5,4.5,4.5,5.0,4.0,4.0,5.0,4.5,4.5,3.0,6.0,3.0,4.0,3.0,4.0,4.0,3.5,4.0,4.0,3.5,4.5,5.0,1.0,4.0,4.0,3.5,6.0
2523,7.0,9.0,3.0,7.0,3.0,6.0,5.0,3.0,5.0,2.0,3.0,5.0,2.0,3.0,8.0,3.5,5.5,2.0,2.0,3.0,3.0,3.0,5.0,3.0,3.0,3.0,4.0,6.5,0.5,6.0,8.0,7.0,10.0
2601,7.0,8.0,3.0,5.0,4.0,7.0,3.0,3.0,4.0,3.0,4.5,3.5,3.0,3.0,7.0,4.0,6.0,3.0,4.0,3.0,3.0,2.0,1.0,3.0,3.0,3.0,5.0,3.0,1.0,3.0,2.0,7.0,6.0
2603,7.0,9.0,7.0,5.5,5.0,7.0,5.0,5.0,5.0,5.0,5.0,5.0,3.5,6.0,5.5,5.0,5.0,5.0,6.0,6.0,3.0,4.0,4.0,4.0,4.0,2.0,3.0,2.0,1.0,3.0,2.0,7.0,7.0
2605,3.0,6.0,3.0,8.0,9.0,9.0,8.0,9.0,8.0,2.0,9.0,8.0,1.0,1.0,9.0,9.0,5.0,4.0,3.0,1.0,9.0,9.0,9.0,8.0,9.0,8.0,8.0,10.0,7.0,2.0,9.0,5.0,10.0
2606,5.0,6.0,5.0,6.0,6.5,5.0,6.0,6.0,5.0,3.0,8.0,4.0,3.0,3.0,7.0,6.0,4.0,4.0,4.0,4.0,6.0,7.0,6.0,6.0,7.0,10.0,8.0,4.0,4.0,5.0,4.0,5.0,7.0
2617,3.0,5.0,7.0,5.0,8.0,6.0,7.0,7.0,6.0,3.0,8.5,5.0,3.0,6.0,5.0,7.0,2.5,6.0,6.5,5.0,8.0,7.0,6.0,7.0,8.0,5.0,7.0,3.5,6.0,10.0,9.0,8.0,6.5
2618,7.0,8.5,8.0,7.0,2.5,7.0,5.0,3.0,4.5,2.5,4.0,3.0,3.5,7.0,7.0,5.0,5.0,6.5,8.0,7.0,3.0,3.0,2.0,3.0,2.5,1.0,2.5,2.0,1.0,4.0,1.5,5.5,6.0
2619,1.0,8.0,10.0,6.5,10.0,10.0,9.5,10.0,9.0,0.0,10.0,9.0,0.5,8.5,7.0,9.0,5.5,9.5,9.5,9.0,9.5,10.0,9.0,10.0,10.0,5.0,7.5,7.0,9.0,8.0,9.5,7.0,6.0
2620,7.0,8.0,1.0,8.0,1.0,9.0,1.0,2.0,7.0,1.0,2.0,7.0,2.0,1.0,9.0,1.0,9.0,1.0,2.0,0.0,1.0,0.0,0.0,1.0,1.0,3.0,5.5,3.0,1.0,6.0,5.0,7.0,3.0
2621,7.0,8.0,4.0,5.0,0.0,10.0,2.0,2.0,7.0,2.0,2.0,5.0,2.0,3.0,6.0,2.0,8.0,2.0,4.5,3.0,1.0,0.0,0.0,1.0,1.0,1.0,4.0,3.0,1.0,4.5,3.0,6.0,6.5
2701,3.0,5.0,3.0,8.0,8.0,6.0,4.0,6.0,3.0,2.0,6.0,2.0,2.0,3.0,8.0,6.0,2.0,4.0,3.0,3.0,6.0,8.0,7.0,5.0,8.0,7.0,7.0,6.0,1.0,2.0,2.0,3.0,10.0
2705,6.0,8.0,7.0,7.0,6.0,6.0,7.0,5.0,3.0,2.0,5.0,2.0,1.5,7.0,6.5,6.0,2.0,7.0,7.0,7.0,6.0,6.0,6.0,5.0,6.0,4.0,3.5,4.0,0.0,4.0,3.0,7.0,8.0
2706,6.5,6.0,5.5,5.0,6.0,5.0,6.0,5.5,3.0,2.5,4.0,2.0,1.5,6.0,4.0,5.0,2.5,6.0,5.0,5.5,5.0,5.5,6.0,0.0,3.0,5.0,5.0,0.5,0.5,2.0,2.0,4.5,8.5
2711,6.0,6.0,7.5,6.0,8.0,5.5,7.0,6.5,4.0,1.5,7.0,3.5,1.0,7.0,6.0,6.0,2.0,6.5,7.0,7.0,7.0,8.0,6.0,6.0,8.0,4.0,5.0,4.5,2.0,5.5,6.0,7.0,10.0
2712,5.0,5.0,6.0,6.0,6.0,5.0,6.0,6.0,4.0,3.0,6.0,2.0,1.5,6.0,6.0,6.0,2.0,6.0,6.0,6.0,5.0,5.0,4.0,5.0,5.0,4.0,4.0,5.0,1.0,3.0,3.0,4.0,10.0
2713,7.0,9.0,7.0,7.0,2.0,8.0,6.0,3.0,4.0,3.0,4.0,2.5,2.5,6.0,7.0,4.0,5.0,5.0,6.5,7.0,3.0,2.0,2.0,4.0,3.0,2.0,3.5,3.0,1.0,5.0,7.0,10.0,5.0
2714,5.0,6.0,5.0,5.0,7.0,4.0,4.0,5.0,4.0,2.0,6.0,3.0,1.0,4.0,7.0,5.0,2.0,4.0,4.0,4.0,6.0,5.0,6.0,5.5,6.0,4.0,6.0,5.0,1.0,2.0,4.0,5.0,10.0
2803,5.0,4.0,3.0,7.0,9.0,5.0,4.0,10.0,10.0,1.0,9.0,6.0,2.0,2.0,8.0,8.0,2.0,3.0,2.0,0.0,8.0,9.0,6.5,7.0,8.0,7.0,8.0,7.0,7.0,2.0,2.0,2.0,10.0
2804,6.0,6.0,6.0,5.5,7.5,7.0,6.0,6.0,6.0,2.5,3.5,4.5,2.0,4.0,5.0,5.5,4.5,4.5,5.0,4.5,6.0,7.5,7.5,0.5,4.0,7.0,5.0,2.5,3.5,3.0,4.0,4.0,6.0
2805,5.0,6.0,6.0,5.0,8.0,8.0,6.0,6.5,6.0,3.0,7.5,5.0,2.0,5.5,5.0,6.0,3.0,5.5,5.0,6.0,6.0,8.0,9.5,5.0,6.5,7.0,6.0,5.0,3.5,3.0,4.0,6.5,6.0
2809,2.5,5.0,5.0,4.0,9.0,9.0,8.0,10.0,9.0,1.0,10.0,9.0,0.0,4.0,7.0,8.0,2.0,4.0,4.0,2.0,8.0,10.0,9.0,9.0,10.0,7.5,9.0,7.0,8.0,3.5,3.5,2.0,9.0
2812,3.0,6.0,8.0,9.0,3.0,6.5,7.0,9.0,7.0,2.0,7.0,5.5,2.5,9.0,8.0,7.0,4.0,8.0,9.5,9.0,3.0,4.0,2.0,5.0,5.0,2.0,2.0,5.0,5.5,2.5,4.0,8.0,9.0
2813,7.0,7.0,6.0,5.5,5.0,5.5,5.0,5.0,5.0,2.5,3.0,4.5,2.0,5.0,5.0,5.0,4.0,5.0,5.0,5.0,5.0,5.0,5.5,0.0,4.0,6.0,4.5,2.0,2.5,3.0,1.5,4.5,7.0
2814,5.0,4.0,6.0,5.0,7.0,7.0,7.0,8.0,6.0,3.0,8.0,5.0,3.0,5.0,5.0,6.0,5.0,5.0,5.5,6.0,6.0,7.0,8.0,5.0,7.0,5.0,5.0,5.0,5.0,9.0,10.0,10.0,10.0
2816,7.0,7.0,8.0,5.0,5.0,5.0,5.0,7.0,5.0,4.0,6.0,3.0,3.0,3.0,4.0,5.0,6.0,7.0,7.0,6.0,4.0,3.0,4.0,5.0,3.0,2.0,3.0,4.0,2.0,6.0,2.0,3.0,8.0
2817,1.0,6.5,4.0,3.0,10.0,10.0,10.0,10.0,10.0,0.0,10.0,10.0,0.0,1.0,7.5,7.5,1.0,2.0,2.0,0.0,10.0,10.0,9.5,10.0,10.0,8.0,10.0,9.0,9.5,6.5,10.0,8.0,10.0
2818,3.0,4.0,4.0,5.0,8.0,8.0,7.0,10.0,9.0,0.0,9.0,9.5,0.0,2.5,6.0,7.0,2.0,4.0,4.0,2.5,8.5,9.0,8.0,8.0,8.5,6.0,8.0,7.0,7.5,7.0,8.5,8.0,10.0
2819,7.0,10.0,5.0,7.0,1.0,9.0,4.0,3.0,4.0,2.0,2.5,4.0,1.5,4.0,6.0,1.0,9.0,2.0,5.0,4.0,2.0,0.0,0.0,1.0,1.0,1.0,3.0,2.5,0.0,3.0,3.0,9.0,3.0
2820,7.0,9.5,6.5,8.0,3.0,8.0,5.0,3.5,4.0,2.0,3.0,5.0,2.0,6.0,6.0,2.0,8.0,5.0,6.0,6.0,2.5,1.0,1.0,2.0,1.0,1.5,2.5,2.0,1.0,2.5,2.5,9.0,4.0
2821,7.0,8.0,6.0,7.0,5.5,6.0,6.0,5.0,5.0,3.5,4.5,4.5,3.0,5.0,5.0,4.0,6.5,5.0,5.5,5.5,3.5,4.5,4.5,3.5,4.0,3.0,3.5,4.0,1.5,2.5,2.5,9.0,6.0
2902,5.5,7.0,7.0,7.5,9.5,9.0,9.0,10.0,10.0,0.0,10.0,9.0,0.5,7.0,7.0,7.0,3.5,7.5,8.0,7.5,9.0,9.0,8.0,8.0,9.0,6.5,4.0,3.0,7.5,5.5,7.0,6.5,10.0
2903,7.0,8.0,3.0,6.0,2.0,7.0,2.5,3.0,6.0,2.0,2.5,6.0,2.0,2.0,8.0,3.0,7.0,3.0,3.0,3.0,3.0,1.0,1.0,2.0,2.0,3.0,6.0,4.0,2.0,4.0,3.0,6.0,5.0
2905,6.0,7.0,7.5,8.0,8.0,8.0,7.0,8.0,7.0,2.0,8.0,7.0,2.0,7.0,7.0,6.0,5.0,8.0,8.0,7.0,7.0,8.0,8.0,7.0,7.0,7.0,3.0,3.0,6.0,5.0,5.0,6.0,7.0
2906,6.0,5.0,3.5,4.0,5.0,5.0,4.0,5.0,4.0,5.0,5.0,4.0,3.5,3.0,7.0,5.0,5.0,3.0,3.0,3.0,4.0,4.0,4.0,5.0,5.0,5.0,6.0,4.5,2.0,4.0,4.0,5.0,7.0
2907,3.0,3.0,6.0,3.5,9.0,8.5,9.0,10.0,10.0,1.0,10.0,9.0,0.5,7.0,6.0,7.0,3.0,6.0,5.0,5.0,9.0,9.0,3.5,9.5,10.0,5.0,7.5,6.0,8.0,4.5,8.5,6.0,10.0
2911,7.0,7.0,5.0,6.0,4.0,5.0,5.0,6.0,5.0,5.0,5.0,5.0,4.0,4.0,6.0,5.0,6.0,5.0,5.0,5.0,5.0,3.0,5.0,4.0,4.0,4.0,4.0,5.0,4.0,4.0,4.0,5.0,7.0
2912,5.0,6.0,0.0,7.0,0.0,8.0,0.0,1.0,8.0,1.0,0.5,7.0,1.0,1.0,9.0,2.0,8.0,1.0,1.0,1.0,1.0,0.0,0.0,1.0,0.0,1.0,8.0,4.0,1.0,6.0,7.0,8.0,4.0
2913,6.0,7.0,4.0,6.0,3.0,6.0,4.5,5.0,5.0,3.0,4.5,4.0,3.0,3.0,7.0,5.0,6.0,4.0,5.0,4.0,3.0,3.0,2.0,3.0,3.0,4.0,5.0,4.5,3.0,4.0,4.0,6.0,7.0
2915,6.0,8.0,4.5,6.0,5.0,5.0,4.0,5.0,5.0,5.0,5.0,4.0,4.0,5.0,6.0,5.0,5.0,4.0,5.0,5.0,4.0,4.0,4.0,5.0,4.0,5.0,4.0,4.5,3.0,4.0,3.0,6.0,8.0
3101,7.0,9.0,5.0,7.0,7.0,8.0,7.0,7.5,6.0,2.5,7.0,5.0,3.5,5.0,6.0,6.0,3.0,5.0,5.0,4.0,6.5,7.0,8.0,6.0,7.0,6.0,5.5,7.0,1.0,2.0,0.5,3.0,8.0
3102,7.0,8.0,4.0,7.0,2.0,8.0,3.0,4.0,4.0,2.0,4.0,5.0,2.5,3.0,7.0,5.0,5.0,3.0,3.0,3.0,4.0,2.0,2.0,2.0,3.0,3.0,5.0,5.0,1.0,3.0,1.0,6.0,8.0
3103,7.0,6.0,4.0,6.0,5.0,7.0,5.0,6.0,3.0,2.0,5.0,2.0,2.0,4.0,5.5,4.0,5.0,4.0,4.0,3.5,5.0,4.0,5.0,4.0,4.0,8.0,7.0,4.0,0.0,4.0,3.0,5.0,8.0
3104,7.0,6.0,7.0,8.5,3.5,5.5,5.0,5.0,3.0,2.0,5.0,2.5,2.0,6.0,5.0,6.5,3.0,8.0,8.0,8.0,4.0,2.0,2.0,4.0,4.0,2.0,2.0,3.0,0.0,3.0,2.0,6.0,8.5
3105,7.0,8.0,7.0,7.0,2.0,7.0,5.0,4.0,4.0,2.0,4.0,3.0,2.0,6.0,4.0,6.0,3.0,7.0,7.0,7.0,3.0,2.0,1.0,3.0,3.0,2.0,3.0,4.0,0.0,3.0,1.0,3.0,9.0
3106,7.0,8.0,6.0,7.0,2.0,8.0,3.0,4.0,3.0,1.0,2.0,4.5,1.0,4.0,6.0,5.0,5.0,5.0,7.0,5.0,3.0,1.0,1.0,1.0,1.0,4.0,5.0,0.0,0.0,3.0,1.0,4.0,8.0
3107,3.0,4.0,4.0,5.0,9.0,7.0,8.0,9.0,5.0,1.0,9.0,3.0,1.0,4.0,6.0,5.5,3.0,5.0,5.0,4.0,8.0,8.0,8.0,9.0,9.0,8.0,8.0,1.0,3.0,5.0,7.0,4.0,9.0
3108,6.0,3.0,3.0,7.0,5.0,3.0,4.0,5.0,3.0,1.5,5.0,0.5,1.5,3.5,7.0,6.0,2.0,2.5,2.5,2.0,5.0,5.0,3.5,5.0,5.0,4.5,5.0,5.0,0.0,4.5,1.0,4.0,7.5
3110,7.0,6.0,3.0,4.5,3.0,9.0,3.0,4.0,2.5,2.0,1.5,4.5,1.0,3.0,6.0,4.0,3.5,3.0,3.0,2.0,3.0,2.0,1.5,0.0,2.5,5.0,6.0,3.0,0.0,3.5,1.5,4.0,9.0
3115,4.0,5.0,6.0,6.0,9.0,7.0,8.0,9.0,7.0,2.0,9.0,5.0,1.5,5.0,6.0,5.0,4.0,6.0,5.0,5.0,8.0,9.0,9.0,8.0,9.0,7.0,8.0,3.0,2.0,8.0,8.0,8.0,8.0
3116,2.0,8.0,2.0,7.0,5.0,4.0,4.0,7.0,5.5,2.0,6.0,4.0,3.0,2.0,8.0,4.5,5.5,4.0,2.5,2.0,4.0,4.5,3.5,5.0,5.0,4.0,8.5,4.0,2.0,8.5,10.0,9.0,8.0
3117,5.0,4.0,4.0,6.0,6.0,4.0,5.0,5.5,2.0,1.0,5.0,1.0,2.0,4.0,6.0,6.0,3.0,4.0,5.0,4.0,5.0,5.0,6.0,4.0,5.0,4.0,5.5,3.0,0.0,2.5,2.5,2.0,10.0
3118,7.0,6.5,7.0,7.5,2.5,5.5,5.0,5.0,3.0,1.0,5.0,3.0,1.0,5.5,5.0,7.0,3.5,7.0,6.5,7.0,4.0,3.0,2.5,3.0,3.0,3.0,3.5,3.0,0.0,3.0,1.5,4.0,9.5
3119,2.5,7.5,7.5,3.5,9.0,9.5,9.0,9.0,9.0,1.0,9.5,7.0,0.5,5.0,6.0,6.0,3.0,5.5,5.0,5.5,9.0,9.0,9.0,9.0,10.0,6.0,8.0,7.5,6.5,8.0,8.5,7.0,9.0
3401,3.0,3.0,6.5,9.0,10.0,9.0,8.0,4.5,8.0,4.5,6.0,8.0,3.0,7.0,3.0,10.0,0.5,5.0,6.5,5.0,10.0,9.5,10.0,9.0,10.0,6.0,3.5,10.0,,3.5,8.5,0.0,10.0
3402,6.0,5.0,4.0,9.0,3.0,8.0,3.5,8.5,9.0,4.0,7.0,9.0,2.0,3.0,7.0,2.5,7.5,2.0,3.5,4.0,3.0,3.0,0.0,5.0,4.0,3.0,4.5,5.0,,4.0,4.5,10.0,6.0
3403,2.0,2.0,7.0,5.0,10.0,8.0,9.0,8.0,10.0,1.0,9.0,9.0,0.5,5.5,3.0,8.0,1.0,5.0,5.0,4.0,10.0,10.0,8.0,10.0,10.0,7.0,5.0,10.0,,5.0,5.0,0.0,10.0
3407,6.5,5.0,2.0,6.5,1.5,8.0,2.0,2.5,5.0,2.0,1.5,2.5,2.0,1.0,8.5,0.0,8.0,1.0,3.0,4.0,0.5,1.0,0.0,0.0,0.5,4.0,5.5,0.0,,6.5,8.0,8.5,3.5
3408,4.0,1.0,5.0,8.0,6.0,5.0,7.0,8.0,7.0,2.5,9.0,7.0,3.0,4.0,5.0,4.0,5.0,5.0,4.0,5.0,6.0,6.0,5.0,7.0,8.0,5.0,5.0,8.0,,5.0,6.0,8.0,7.0
3501,5.0,4.0,3.0,8.0,3.0,4.0,4.0,5.0,5.0,7.0,4.0,5.0,6.0,3.0,7.0,5.0,5.0,2.0,4.0,3.0,6.0,2.0,3.0,3.0,4.0,4.0,6.0,6.0,1.0,2.0,1.0,1.0,6.0
3502,3.0,4.0,8.0,5.0,8.0,8.5,9.0,10.0,10.0,0.0,10.0,10.0,1.0,7.0,6.0,9.0,2.0,9.0,9.0,7.0,9.0,6.0,6.0,9.0,9.0,5.0,4.0,6.0,9.0,7.0,7.0,1.0,7.0
3503,6.5,4.5,7.5,8.0,5.5,3.0,6.5,7.0,6.0,4.0,6.0,6.0,4.5,6.0,6.5,6.0,4.5,7.0,7.5,7.0,6.0,4.0,4.0,5.5,4.0,2.5,2.5,6.0,2.5,2.5,1.0,1.0,7.0
3504,2.0,6.0,2.0,7.0,1.0,5.5,2.0,2.0,7.0,2.0,2.0,6.0,3.0,1.0,8.0,2.0,8.0,0.0,1.0,1.0,2.0,1.0,2.0,2.0,2.0,3.0,7.0,4.0,0.0,5.0,4.0,2.5,4.0
3505,1.0,9.0,5.0,5.0,7.0,5.5,5.0,7.0,5.0,3.0,7.0,5.0,3.5,4.0,5.0,5.0,5.0,4.0,3.0,3.0,6.0,6.0,5.0,6.0,7.0,10.0,10.0,0.0,2.0,8.0,7.0,1.0,5.0
3506,3.5,2.0,5.0,3.5,8.0,8.5,6.0,3.5,5.5,3.0,5.0,5.5,5.0,4.0,5.0,5.0,4.5,4.0,5.0,4.5,5.0,6.5,9.0,5.0,5.5,6.0,5.0,4.0,1.0,4.0,2.0,0.5,3.0
3507,6.0,3.0,7.0,6.0,1.5,6.0,6.0,3.0,6.0,4.0,3.5,6.0,3.0,6.0,5.0,4.0,6.0,6.0,7.0,6.5,2.0,1.5,2.0,3.5,2.5,4.5,3.0,4.0,0.5,4.5,1.5,0.5,4.0
3508,4.5,2.0,4.5,3.0,2.0,7.0,4.0,3.5,5.0,5.0,4.0,3.5,4.0,4.0,3.5,0.5,10.0,4.0,3.5,3.5,2.5,1.5,3.0,4.0,3.0,3.5,5.5,5.0,0.0,5.5,2.5,1.0,3.5
3509,1.0,6.0,0.0,8.0,1.0,5.5,0.0,2.0,6.0,2.5,3.0,5.0,3.0,0.0,10.0,3.0,5.0,0.0,0.0,0.0,2.0,2.0,1.0,2.0,3.0,4.0,9.0,4.5,0.0,7.0,6.0,2.5,3.0
3601,1.0,9.0,8.0,4.0,9.0,8.0,9.0,10.0,10.0,0.0,10.0,9.0,0.0,8.0,3.0,9.0,2.0,9.0,7.0,7.0,9.0,8.0,6.0,9.0,10.0,9.0,7.0,2.0,5.0,10.0,8.0,0.0,8.0
3602,5.0,6.0,2.0,7.0,1.0,8.0,1.0,2.0,5.0,2.0,2.0,6.0,2.0,1.0,9.0,2.0,7.0,1.0,1.0,1.0,1.0,0.0,0.0,1.0,1.0,2.0,6.0,5.5,0.0,7.0,2.0,1.0,5.0
3603,5.0,6.0,8.0,8.0,5.0,6.0,7.0,7.0,5.0,4.0,7.0,5.0,3.0,8.0,6.0,7.0,5.0,9.0,9.0,9.0,6.0,4.0,1.0,4.0,4.0,3.0,2.0,5.5,0.0,5.0,0.0,0.0,6.0
3604,4.0,5.0,5.0,6.0,5.0,5.5,5.0,5.0,4.0,4.0,7.0,4.0,5.0,5.0,5.0,5.0,5.0,5.0,5.0,5.0,6.0,5.0,7.0,6.0,5.0,6.0,6.0,2.5,1.0,5.0,0.0,0.0,6.0
3605,5.0,5.0,2.0,4.0,0.0,9.0,1.0,1.0,5.0,1.0,1.0,5.0,2.0,1.0,6.0,0.0,10.0,1.0,1.0,1.0,1.0,0.0,0.0,1.0,1.0,2.0,6.0,6.0,0.0,7.0,2.0,0.5,4.0
3606,6.0,5.5,6.0,6.0,2.0,6.0,5.0,4.0,3.0,3.0,3.5,2.5,3.0,6.0,4.5,3.0,8.5,6.5,6.0,6.0,3.0,0.0,1.0,2.0,1.5,1.0,3.5,6.5,0.0,5.5,1.5,0.5,5.0
3607,4.0,4.0,4.5,4.0,7.0,4.5,4.5,4.5,4.0,3.5,4.5,5.5,2.0,3.5,5.0,4.0,5.0,3.0,4.0,4.0,5.0,6.0,10.0,4.0,5.0,5.0,5.5,5.0,1.0,6.0,2.0,1.5,7.0
3612,4.0,5.5,6.0,5.5,6.0,4.0,6.0,6.0,4.0,4.0,6.5,3.5,2.0,5.5,4.0,5.0,4.5,5.5,5.5,5.5,6.0,6.0,5.0,5.5,6.0,7.0,5.5,4.0,0.5,6.5,1.5,0.5,5.5
3701,6.0,8.0,5.5,8.5,2.0,8.5,5.5,4.5,8.0,2.5,5.0,4.0,3.5,3.5,8.0,8.5,4.5,5.5,7.0,5.5,1.5,1.0,2.5,5.0,2.5,3.0,2.5,5.0,2.0,3.0,5.0,3.5,7.5
3702,7.0,8.0,6.0,6.0,7.0,5.0,6.0,7.0,8.0,5.0,7.0,5.0,4.5,4.0,7.0,6.0,4.0,5.0,6.0,5.0,6.0,5.0,7.0,6.0,4.0,6.5,1.0,5.0,2.0,3.0,7.0,8.0,6.0
3801,7.0,8.0,6.0,4.0,6.0,3.0,6.0,5.0,5.0,4.0,6.0,5.0,4.0,3.0,7.0,5.0,4.0,3.0,4.0,5.0,5.0,3.0,6.0,6.0,5.0,5.0,4.0,5.0,0.0,3.0,1.0,6.0,7.0
3802,6.0,5.0,4.0,5.0,3.0,4.0,4.0,5.0,5.0,4.0,5.0,5.0,4.0,4.0,7.0,3.0,7.0,3.0,4.0,5.0,3.0,0.0,5.0,5.0,5.0,7.0,4.0,5.0,0.0,5.0,3.0,6.0,5.0
3803,7.0,7.0,5.0,2.0,4.0,6.0,5.0,5.0,5.0,6.0,6.0,6.0,3.0,7.0,3.0,6.0,7.0,5.0,6.0,2.0,5.0,0.0,4.0,6.0,5.0,1.0,2.0,5.0,0.0,2.0,1.0,3.0,7.0
3804,7.0,5.0,4.0,5.0,4.0,6.0,4.0,5.0,6.0,4.0,5.0,5.0,3.0,3.0,7.0,5.0,7.0,3.0,4.0,6.0,5.0,0.0,2.0,5.0,5.0,5.0,4.0,5.0,0.0,3.0,1.0,3.0,7.0
3805,3.0,3.0,8.0,5.0,8.0,7.0,8.0,7.0,7.0,2.0,8.0,8.0,1.0,3.0,6.0,3.0,5.0,2.0,5.0,6.0,7.0,5.0,7.0,8.0,7.0,7.0,6.0,,1.0,8.0,7.0,8.0,4.0
3806,3.0,3.0,1.0,3.0,3.0,5.0,1.0,2.0,7.0,5.0,4.0,4.0,3.0,1.0,7.0,5.0,5.0,2.0,2.0,8.0,2.0,0.0,2.0,4.0,3.0,5.0,6.0,,0.0,7.0,6.0,8.0,5.0
3807,4.0,3.0,7.0,6.0,4.0,5.0,5.0,6.0,6.0,7.0,8.0,8.0,2.0,6.0,3.0,5.0,5.0,6.0,7.0,3.0,2.0,2.0,3.0,7.0,6.0,5.0,6.0,,1.0,9.0,8.0,8.0,3.0
4001,6.0,8.0,8.0,7.5,6.5,3.5,7.5,8.0,7.0,6.0,7.0,4.0,6.0,8.0,4.5,8.0,2.5,7.5,8.5,8.5,7.5,5.0,6.5,6.0,5.5,3.0,2.0,2.0,4.5,2.0,1.5,4.0,8.5
4003,5.0,6.0,2.5,6.5,2.5,7.0,3.0,2.0,6.0,2.0,2.5,7.0,2.0,1.0,8.0,2.5,7.5,2.0,2.0,2.0,2.5,2.5,1.0,3.0,2.5,5.0,6.0,2.0,0.5,5.5,5.5,7.5,7.0
4004,6.0,7.5,6.0,7.0,6.0,4.5,5.5,7.0,6.0,3.5,6.5,4.0,3.5,4.5,5.5,5.5,3.0,5.0,6.0,4.5,5.0,4.0,5.5,5.0,5.5,4.0,4.0,3.0,2.5,4.0,3.0,6.5,8.5
4005,5.5,6.5,4.5,5.5,6.0,3.5,4.5,7.0,6.0,3.5,6.5,4.0,3.0,4.0,6.0,6.0,4.0,4.0,4.5,3.5,5.0,4.5,3.5,5.0,4.5,4.0,4.0,3.0,3.0,3.5,4.5,6.0,8.5
4006,5.0,6.5,4.0,5.5,3.0,6.5,4.5,4.0,4.5,2.0,5.5,4.0,2.0,2.0,7.0,1.5,8.5,3.0,3.0,4.0,3.5,3.5,2.5,4.0,4.0,5.0,5.5,4.0,2.0,4.0,6.0,8.0,5.5
4007,5.0,6.5,4.5,6.5,3.5,5.5,4.5,5.5,4.5,3.0,6.0,4.0,2.5,5.0,6.0,5.0,5.5,3.5,4.0,4.0,4.0,3.5,3.5,4.5,4.0,5.0,5.0,4.0,3.0,3.5,4.5,7.0,8.0
4008,5.0,6.0,7.0,5.5,7.5,4.5,7.0,9.0,7.5,3.0,8.5,4.0,2.0,5.5,5.0,6.0,2.5,5.0,6.0,5.5,7.0,6.0,6.5,7.0,6.5,5.0,6.0,4.0,6.5,5.5,4.0,5.0,8.0
4009,3.5,3.5,7.5,6.5,10.0,4.0,10.0,10.0,9.5,1.5,10.0,9.0,0.5,6.0,5.5,7.0,2.5,6.0,5.5,4.0,9.0,9.5,9.0,9.0,10.0,5.0,7.0,4.0,8.5,6.5,6.5,6.0,9.5
4501,2.0,2.0,7.0,9.0,4.0,3.0,8.0,6.0,5.0,3.0,7.0,6.0,3.0,7.0,6.0,6.0,5.0,8.0,7.0,6.0,4.0,3.0,4.0,5.0,7.0,6.0,3.0,5.0,0.0,1.0,0.0,1.0,10.0
4502,2.0,2.0,3.0,7.0,1.0,7.0,2.0,3.0,6.0,2.0,2.0,6.0,2.0,2.0,7.0,0.0,9.0,1.0,2.0,0.0,1.0,0.0,1.0,2.0,5.0,6.0,7.0,5.0,0.0,4.0,0.0,5.0,8.0
4503,1.0,4.0,5.0,8.0,4.0,4.0,5.0,5.0,3.0,2.0,6.0,5.0,2.0,4.0,6.0,5.0,5.0,4.0,5.0,3.0,3.0,1.0,3.0,5.5,7.0,10.0,9.0,4.0,0.0,2.0,0.0,1.0,8.0
4504,1.0,7.0,6.0,10.0,6.0,7.0,6.0,9.0,8.0,2.0,10.0,7.0,1.0,6.0,5.0,8.0,5.0,6.0,7.0,6.0,5.0,5.0,4.0,5.0,9.0,10.0,9.0,4.0,2.0,3.0,5.0,1.0,10.0
4505,6.0,7.0,3.0,8.0,1.0,7.0,3.0,3.0,7.0,2.0,2.0,6.0,2.0,2.0,8.0,1.0,8.0,1.0,3.0,2.0,1.0,0.0,1.0,2.0,2.0,1.0,2.0,6.0,0.0,5.0,0.0,6.0,8.0
4506,5.0,5.0,4.0,7.0,0.0,7.0,4.0,1.0,7.0,1.0,1.0,6.0,1.0,3.0,6.0,4.0,5.0,2.0,4.0,3.0,1.0,0.0,0.0,1.0,1.0,1.0,1.0,6.0,0.0,7.0,7.0,10.0,3.0
4507,7.0,8.0,6.0,9.0,1.0,5.0,7.0,2.0,3.0,2.0,1.0,5.0,2.0,5.0,5.0,3.0,5.0,5.0,7.0,6.0,1.0,0.0,1.0,2.0,1.0,1.0,0.0,6.0,0.0,4.0,0.0,5.0,8.0
4508,1.0,1.5,4.0,6.0,4.0,3.5,4.0,7.5,4.5,1.5,7.5,5.0,0.5,1.0,7.0,7.5,3.0,4.0,3.5,1.5,3.5,3.5,1.5,,7.0,4.5,5.0,5.0,3.0,4.0,3.0,2.5,9.0
